[
    {
        "pk": 1, 
        "model": "auth.user", 
        "fields": {
            "username": "andrew"
        }
    }, 
    {
        "pk": 2, 
        "model": "auth.user", 
        "fields": {
            "username": "crispin" 
        }
    },


    {
        "pk": 1, 
        "model": "yabmin.user", 
        "fields": {
            "toolsets": [
                1
            ], 
            "name": "andrew", 
            "created_by": 1, 
            "created_on": "2009-03-31 16:43:22", 
            "last_modified_by": 1, 
            "last_modified_on": "2009-03-31 16:43:22"
        }
    }, 
    {
        "pk": 2, 
        "model": "yabmin.user", 
        "fields": {
            "toolsets": [
                1
            ], 
            "name": "cwellington", 
            "created_by": 1, 
            "created_on": "2009-03-31 16:43:22", 
            "last_modified_by": 1, 
            "last_modified_on": "2009-07-01 10:50:36"
        }
    }, 




    {
        "pk": 1, 
        "model": "yabmin.backend", 
        "fields": {
            "description": "Tools that are executed on the old cluster called grendel.", 
            "created_on": "2009-03-30 00:37:30", 
            "last_modified_on": "2009-03-30 00:37:30", 
            "name": "grendel"
        }
    }, 
    {
        "pk": 2, 
        "model": "yabmin.backend", 
        "fields": {
            "description": "Tools that are executed locally on the back-end.", 
            "hostname": "localhost.localdomain", 
            "created_by": 1, 
            "created_on": "2009-07-06 15:49:02", 
            "last_modified_by": 1, 
            "path": "/", 
            "scheme": "local", 
            "port": 8000, 
            "name": "local"
        }
    },
    {
        "pk": 3, 
        "model": "yabmin.backend", 
        "fields": {
            "description": "Tools that are executed on the new cluster.", 
            "created_on": "2009-03-30 00:37:53", 
            "last_modified_on": "2009-03-30 00:37:53", 
            "name": "ccg"
        }
    },
    {
        "pk": 8, 
        "model": "yabmin.backend", 
        "fields": {
            "description": "", 
            "hostname": "localhost.localdomain", 
            "created_by": 2, 
            "created_on": "2009-07-06 15:49:02", 
            "last_modified_by": 1, 
            "path": "/", 
            "scheme": "yabifs", 
            "port": 8000, 
            "last_modified_on": "2009-07-17 15:22:14", 
            "name": "file"
        }
    }, 
    {
        "pk": 7, 
        "model": "yabmin.backend", 
        "fields": {
            "description": "", 
            "hostname": "xe-ng2.ivec.org", 
            "created_by": 2, 
            "created_on": "2009-07-01 10:16:20", 
            "last_modified_by": 2, 
            "path": "/scratch/", 
            "scheme": "globus", 
            "port": null, 
            "last_modified_on": "2009-07-08 11:43:18", 
            "name": "globus1"
        }
    }, 
    {
        "pk": 9, 
        "model": "yabmin.backend", 
        "fields": {
            "description": "Use this backend when tools should not be run ie fileselector", 
            "hostname": "localhost.localdomain", 
            "created_by": 2, 
            "created_on": "2009-07-13 14:01:21", 
            "last_modified_by": 2, 
            "path": "/", 
            "scheme": "null", 
            "port": null, 
            "last_modified_on": "2009-07-13 14:01:34", 
            "name": "nullbackend"
        }
    }, 
    {
        "pk": 6, 
        "model": "yabmin.backend", 
        "fields": {
            "description": "", 
            "hostname": "xe-ng2.ivec.org", 
            "created_by": 2, 
            "created_on": "2009-07-01 10:15:55", 
            "last_modified_by": 2, 
            "path": "/scratch/", 
            "scheme": "gridftp", 
            "port": null, 
            "last_modified_on": "2009-07-17 11:18:00", 
            "name": "gridftp"
        }
    },
    {
        "pk": 3, 
        "model": "yabmin.backendcredential", 
        "fields": {
            "credential": 2, 
            "homedir": "bi01/amacgregor/", 
            "created_by": 2, 
            "created_on": "2009-07-06 17:11:14", 
            "last_modified_by": 2, 
            "last_modified_on": "2009-07-07 13:26:04", 
            "backend": 6
        }
    }, 
    {
        "pk": 4, 
        "model": "yabmin.backendcredential", 
        "fields": {
            "credential": 2, 
            "homedir": "bi01/amacgregor/", 
            "created_by": 2, 
            "created_on": "2009-07-06 17:11:14", 
            "last_modified_by": 2, 
            "last_modified_on": "2009-07-07 16:19:14", 
            "backend": 7
        }
    }, 
    {
        "pk": 2, 
        "model": "yabmin.backendcredential", 
        "fields": {
            "credential": 1, 
            "homedir": "bi01/cwellington/", 
            "created_by": 2, 
            "created_on": "2009-07-01 10:19:40", 
            "last_modified_by": 2, 
            "last_modified_on": "2009-07-07 16:22:53", 
            "backend": 6
        }
    }, 
    {
        "pk": 1, 
        "model": "yabmin.backendcredential", 
        "fields": {
            "credential": 1, 
            "homedir": "bi01/cwellington/", 
            "created_by": 2, 
            "created_on": "2009-07-01 10:19:40", 
            "last_modified_by": 2, 
            "last_modified_on": "2009-07-07 16:22:53", 
            "backend": 7
        }
    }, 
    {
        "pk": 6, 
        "model": "yabmin.backendcredential", 
        "fields": {
            "credential": 3, 
            "homedir": "andrew/", 
            "created_by": 2, 
            "created_on": "2009-07-17 14:20:00", 
            "last_modified_by": 2, 
            "last_modified_on": "2009-07-20 15:54:42", 
            "backend": 8
        }
    },
    {
        "pk": 8, 
        "model": "yabmin.backendcredential", 
        "fields": {
            "credential": 3, 
            "homedir": "andrew/", 
            "created_by": 2, 
            "created_on": "2009-07-17 14:20:00", 
            "last_modified_by": 2, 
            "last_modified_on": "2009-07-20 15:54:42", 
            "backend": 9
        }
    },
    {
        "pk": 5, 
        "model": "yabmin.backendcredential", 
        "fields": {
            "credential": 3, 
            "homedir": "andrew/", 
            "created_by": 2, 
            "created_on": "2009-07-15 12:03:06", 
            "last_modified_by": 2, 
            "last_modified_on": "2009-07-20 15:54:42", 
            "backend": 2
        }
    },
    {
        "pk": 2, 
        "model": "yabmin.credential", 
        "fields": {
            "username": "amacgregor", 
            "description": "globus", 
            "cert": "Certificate:\r\n    Data:\r\n        Version: 3 (0x2)\r\n        Serial Number: 8 (0x8)\r\n        Signature Algorithm: sha1WithRSAEncryption\r\n        Issuer: O=YABIGrid, OU=YABI, OU=ccg.murdoch.edu.au, CN=YABI CA\r\n        Validity\r\n            Not Before: Jul  3 03:10:26 2009 GMT\r\n            Not After : Jul  3 03:10:26 2010 GMT\r\n        Subject: O=YABIGrid, OU=YABI, OU=ccg.murdoch.edu.au, OU=CCG, CN=Andrew Macgregor\r\n        Subject Public Key Info:\r\n            Public Key Algorithm: rsaEncryption\r\n            RSA Public Key: (1024 bit)\r\n                Modulus (1024 bit):\r\n                    00:ce:cb:52:5e:ea:ae:db:6c:ce:b2:d2:23:0d:64:\r\n                    aa:e9:9e:37:63:b6:f7:03:0b:7a:e2:a3:f3:1d:68:\r\n                    f5:ad:6c:b0:d1:3d:3a:83:9d:d6:5b:9d:e5:87:22:\r\n                    7f:b3:ca:e0:75:35:9b:59:63:5e:4c:e9:ee:31:59:\r\n                    0b:ee:c6:d5:7a:37:04:fb:6d:1c:ca:9a:de:e1:d1:\r\n                    ea:00:be:c6:ce:d5:2f:f8:60:a3:32:2c:49:9f:3b:\r\n                    0e:45:33:29:cd:46:6c:d3:54:97:d0:34:20:70:03:\r\n                    a7:10:48:f2:0b:f7:05:b6:13:a5:f2:f6:2e:a6:c3:\r\n                    f3:81:44:e5:09:52:0a:31:fb\r\n                Exponent: 65537 (0x10001)\r\n        X509v3 extensions:\r\n            Netscape Cert Type: \r\n                SSL Client, SSL Server, S/MIME, Object Signing\r\n    Signature Algorithm: sha1WithRSAEncryption\r\n        98:74:a1:c1:c1:2c:d9:27:1c:3a:b3:ee:37:bf:3f:39:65:af:\r\n        51:53:c9:fe:b2:9e:d2:1b:d1:a4:7e:a6:cf:5f:ae:dd:3e:7e:\r\n        39:73:4c:a9:b4:f5:10:7a:ce:17:a2:89:f0:36:46:f0:90:bf:\r\n        c0:96:81:1a:f0:f3:62:89:ba:74:84:5a:41:13:72:7b:c4:6d:\r\n        51:1e:7d:dd:85:27:e2:48:5c:c7:1f:32:1d:d2:e0:9b:df:ce:\r\n        4f:a3:e9:f0:28:a2:4a:41:ce:fc:d9:e7:63:b9:bf:34:96:ce:\r\n        19:f7:76:12:44:b3:f2:b5:c9:f4:3b:cc:a1:e9:91:f3:84:a4:\r\n        1e:34\r\n-----BEGIN CERTIFICATE-----\r\nMIICRDCCAa2gAwIBAgIBCDANBgkqhkiG9w0BAQUFADBRMREwDwYDVQQKEwhZQUJJ\r\nR3JpZDENMAsGA1UECxMEWUFCSTEbMBkGA1UECxMSY2NnLm11cmRvY2guZWR1LmF1\r\nMRAwDgYDVQQDEwdZQUJJIENBMB4XDTA5MDcwMzAzMTAyNloXDTEwMDcwMzAzMTAy\r\nNlowaDERMA8GA1UEChMIWUFCSUdyaWQxDTALBgNVBAsTBFlBQkkxGzAZBgNVBAsT\r\nEmNjZy5tdXJkb2NoLmVkdS5hdTEMMAoGA1UECxMDQ0NHMRkwFwYDVQQDExBBbmRy\r\nZXcgTWFjZ3JlZ29yMIGfMA0GCSqGSIb3DQEBAQUAA4GNADCBiQKBgQDOy1Je6q7b\r\nbM6y0iMNZKrpnjdjtvcDC3rio/MdaPWtbLDRPTqDndZbneWHIn+zyuB1NZtZY15M\r\n6e4xWQvuxtV6NwT7bRzKmt7h0eoAvsbO1S/4YKMyLEmfOw5FMynNRmzTVJfQNCBw\r\nA6cQSPIL9wW2E6Xy9i6mw/OBROUJUgox+wIDAQABoxUwEzARBglghkgBhvhCAQEE\r\nBAMCBPAwDQYJKoZIhvcNAQEFBQADgYEAmHShwcEs2SccOrPuN78/OWWvUVPJ/rKe\r\n0hvRpH6mz1+u3T5+OXNMqbT1EHrOF6KJ8DZG8JC/wJaBGvDzYom6dIRaQRNye8Rt\r\nUR593YUn4khcxx8yHdLgm9/OT6Pp8CiiSkHO/NnnY7m/NJbOGfd2EkSz8rXJ9DvM\r\noemR84SkHjQ=\r\n-----END CERTIFICATE-----\r\n", 
            "created_by": 2, 
            "created_on": "2009-07-06 17:10:53", 
            "last_modified_by": 2, 
            "key": "-----BEGIN RSA PRIVATE KEY-----\r\nProc-Type: 4,ENCRYPTED\r\nDEK-Info: DES-EDE3-CBC,ED2F7133052C926E\r\n\r\nH/3WiaH6NBT24+YygBq+MM5iovDb0R50oLkr4+9v6Ubbf659HeXzEvmJP8z16f2j\r\nhV5X8Fq7rhoIF4AlrPjhGT4hE3oIxX2IdKB2b3cWdkEd8mTnfnbfXK9m9Bwdyje5\r\nJrbJbejB3dJFkbPTOo77dgiM/NFvoNx73EDndCrIOlYLo8QIoqLcjR3I5RPzfonG\r\nd2pPvDBvS8UJxaedTFzW/fIVs+UuIuaAXgj+8bcDXFobxBEaroPgfHjrlu6Jd/Mp\r\nozx5BPu0ro90kv/8v++QY6Wfg++qTPS/tOmnm5MjoIBC9a8+Zh17kWuE09qj7DyS\r\nx+1wUyQJ9siuhYhGtFehNj18q8NrRXn407klNlCGJETsBx2fAIiotoNI6BxUO1hk\r\nyvPu/cchm2q2QVAn8abqgIQpE9cJ9DCx/qHiUuZXwzNDDNAk4J1joZvPVhQC6Y7Q\r\nocV1cb4ixfAKqzhvSdOyDIbOmdLG8DlIAtZ986oA1l6zAzT45gceAAw/S4kSjx/s\r\nUVMorCxAIdEMg5Vf8d3NSE+tV8/l1jxSc+R23Ko4D2cveSbMNI8pa/Qq793AqjST\r\n0/FOmG7G+ftj2+hIzFTe3KDGR2G+rUR+6w2DlQZI4SCucqQHO6FW+SrflXOjb0nY\r\nX04BSi+bRh9U+FFYiz4sKc9qKC/EUN9I1XFpYJFGpyYF9Ry1x98zP2BVbicVFhXF\r\nEDpqVr4XBqdCSf63T5jlpyCpEuExKBDkVJnRyNKzQuFZH+AZnev0aXgIDIk0OowB\r\n7itm3NCwsgJQOkWxHNjxXVJQFB6wc81ilG3N2nvcQhaexv7ax5X6nw==\r\n-----END RSA PRIVATE KEY-----\r\n", 
            "password": "6eusx4dAJ2yy", 
            "last_modified_on": "2009-07-07 16:19:14", 
            "user": 1
        }
    }, 
    {
        "pk": 1, 
        "model": "yabmin.credential", 
        "fields": {
            "username": "cwellington", 
            "description": "globus", 
            "cert": "Certificate:\r\n    Data:\r\n        Version: 3 (0x2)\r\n        Serial Number: 2 (0x2)\r\n        Signature Algorithm: sha1WithRSAEncryption\r\n        Issuer: O=YABIGrid, OU=YABI, OU=ccg.murdoch.edu.au, CN=YABI CA\r\n        Validity\r\n            Not Before: Jun  5 08:06:32 2009 GMT\r\n            Not After : Jun  5 08:06:32 2010 GMT\r\n        Subject: O=YABIGrid, OU=YABI, OU=ccg.murdoch.edu.au, OU=localdomain, CN=Crispin Wellington\r\n        Subject Public Key Info:\r\n            Public Key Algorithm: rsaEncryption\r\n            RSA Public Key: (1024 bit)\r\n                Modulus (1024 bit):\r\n                    00:ce:62:cd:63:07:04:50:31:8c:ba:a8:d9:a9:fb:\r\n                    1e:b1:86:cf:9a:a9:67:0f:bb:41:71:73:e6:a8:68:\r\n                    89:15:3a:26:ac:44:82:0f:b6:22:15:55:7a:cf:64:\r\n                    4f:6b:3d:ed:30:04:1d:27:bd:0a:9e:76:d1:d5:25:\r\n                    bf:59:e5:dd:fe:f3:38:f7:bb:e2:2f:cd:16:be:f8:\r\n                    0c:88:74:42:e3:6e:e1:28:2b:b6:95:5c:d1:3d:df:\r\n                    56:67:e2:09:25:8f:73:f2:90:2b:bc:d9:9f:cd:15:\r\n                    ef:6e:a4:d7:14:0f:9a:8e:42:ad:6e:2b:5c:01:62:\r\n                    f9:4d:4e:9f:dc:7f:8c:4d:e9\r\n                Exponent: 65537 (0x10001)\r\n        X509v3 extensions:\r\n            Netscape Cert Type: \r\n                SSL Client, SSL Server, S/MIME, Object Signing\r\n    Signature Algorithm: sha1WithRSAEncryption\r\n        08:80:6f:a5:89:e5:3f:10:cb:39:8c:57:a9:86:ca:7b:f8:a6:\r\n        e7:c6:22:7f:c8:1b:a5:d8:61:d3:cf:62:4e:87:b5:ae:40:34:\r\n        68:30:39:27:81:79:30:60:01:81:08:6f:e2:2f:41:41:c8:f9:\r\n        fd:5b:b3:cc:32:47:79:5e:f1:aa:a8:46:be:83:78:d2:34:bc:\r\n        a0:7e:17:54:a4:9c:14:48:a0:0d:24:99:cf:8b:5d:96:9a:25:\r\n        e9:4e:3e:a0:bb:02:b9:a9:74:5e:05:cf:9f:ea:ad:6b:45:73:\r\n        f0:98:01:24:d8:7a:81:5a:c8:a8:cd:11:18:01:77:06:25:2f:\r\n        de:0e\r\n-----BEGIN CERTIFICATE-----\r\nMIICTjCCAbegAwIBAgIBAjANBgkqhkiG9w0BAQUFADBRMREwDwYDVQQKEwhZQUJJ\r\nR3JpZDENMAsGA1UECxMEWUFCSTEbMBkGA1UECxMSY2NnLm11cmRvY2guZWR1LmF1\r\nMRAwDgYDVQQDEwdZQUJJIENBMB4XDTA5MDYwNTA4MDYzMloXDTEwMDYwNTA4MDYz\r\nMlowcjERMA8GA1UEChMIWUFCSUdyaWQxDTALBgNVBAsTBFlBQkkxGzAZBgNVBAsT\r\nEmNjZy5tdXJkb2NoLmVkdS5hdTEUMBIGA1UECxMLbG9jYWxkb21haW4xGzAZBgNV\r\nBAMTEkNyaXNwaW4gV2VsbGluZ3RvbjCBnzANBgkqhkiG9w0BAQEFAAOBjQAwgYkC\r\ngYEAzmLNYwcEUDGMuqjZqfsesYbPmqlnD7tBcXPmqGiJFTomrESCD7YiFVV6z2RP\r\naz3tMAQdJ70KnnbR1SW/WeXd/vM497viL80WvvgMiHRC427hKCu2lVzRPd9WZ+IJ\r\nJY9z8pArvNmfzRXvbqTXFA+ajkKtbitcAWL5TU6f3H+MTekCAwEAAaMVMBMwEQYJ\r\nYIZIAYb4QgEBBAQDAgTwMA0GCSqGSIb3DQEBBQUAA4GBAAiAb6WJ5T8QyzmMV6mG\r\nynv4pufGIn/IG6XYYdPPYk6Hta5ANGgwOSeBeTBgAYEIb+IvQUHI+f1bs8wyR3le\r\n8aqoRr6DeNI0vKB+F1SknBRIoA0kmc+LXZaaJelOPqC7ArmpdF4Fz5/qrWtFc/CY\r\nASTYeoFayKjNERgBdwYlL94O\r\n-----END CERTIFICATE-----\r\n", 
            "created_by": 2, 
            "created_on": "2009-07-01 10:19:40", 
            "last_modified_by": 2, 
            "key": "-----BEGIN RSA PRIVATE KEY-----\r\nProc-Type: 4,ENCRYPTED\r\nDEK-Info: DES-EDE3-CBC,53291E5C4BEA36B9\r\n\r\nPkYhxG+nix812N+bwRXDC90kxgUhketu6NAiTGCB4KbLKpfzU6VyWLlMN5wQI4+8\r\nPF0T6TNLmae8gRRIg4m9im+6tW+Oqy6dnuYHx06A2GAwD9+dCGByd+sUYibZra39\r\n82Q/gVCBEEprY1+y0hrdoy406VDIZxH9C8mXEnvdR+UksVKP0SldqQAtYcoW1imn\r\nUcjSwCUuyOvwTjtfOypt7tJA/QB5nX2O/+ql1yna81b2baTXczPuBePOtz32BgoH\r\nIimm6K+QV+O9NH9Vtwe3C8RZQtULpD5cbBuHSrmNm0eitGDk6DiTnAde+/yg0ozC\r\ngUqPwNNCUTmY7IpBvbKIKOujB9fzJzm9NtzNPX+GbGbC8Dnj7dTGiVyFTHhfOwgo\r\nhKrr/1BmAZymR5r80kggaF+VPhgUri03Mjhgmd+UdqpD8frC1RuttHEY0levwXL0\r\nr5cqKWSjoYTDqusi4vhmILwRCknUtcC8/izef3AVdXa10zhCGoJjau6G5WTvYQLu\r\nhzYeW2v77xa2cS2EgU3uP3MDzO+vXkBGX+QW1lWO4XCkvOcTJc5gzE/VB913l00F\r\nSpEX8dkZL5TCDZGdvWShdA5lBU7Z75inTI/63wg5QHzhb+DqsnPMOwEOr40Rimcv\r\nSl7DVJHZuUQGVdDPPMLDrVepKvlcYnpv8hR21XiCgSni/3wee2P9NtUyt1bQD63/\r\ncWeKETneLSvf6BriqvKkj3lfNsDD9GENqxSLrNyQ1d2H7t2omtaanprJex/yS74S\r\nxkrEVg2k7nOFrhLdbItTFZz7kyr9mOq6KL3+o4K9L5g0usL3YqdQMQ==\r\n-----END RSA PRIVATE KEY-----\r\n", 
            "password": "lollipop", 
            "last_modified_on": "2009-07-07 16:22:53", 
            "user": 2
        }
    }, 
    {
        "pk": 3, 
        "model": "yabmin.credential", 
        "fields": {
            "username": "andrew", 
            "description": "local", 
            "cert": "", 
            "created_by": 2, 
            "created_on": "2009-07-15 12:03:06", 
            "last_modified_by": 2, 
            "key": "", 
            "password": "", 
            "last_modified_on": "2009-07-20 15:54:42", 
            "user": 1
        }
    }, 
    {
        "pk": 5, 
        "model": "yabmin.filetype", 
        "fields": {
            "description": null, 
            "created_by": null, 
            "created_on": "2009-06-26 12:44:17", 
            "extensions": [
                8
            ], 
            "last_modified_by": null, 
            "last_modified_on": "2009-06-26 12:44:17", 
            "name": "fa (GEN)"
        }
    },


    {
        "pk": 6, 
        "model": "yabmin.filetype", 
        "fields": {
            "description": null, 
            "created_by": 1, 
            "created_on": "2009-06-26 12:44:17", 
            "extensions": [
                9
            ], 
            "last_modified_by": 1, 
            "last_modified_on": "2009-06-26 12:44:17", 
            "name": "fna (GEN)"
        }
    }, 
    {
        "pk": 7, 
        "model": "yabmin.filetype", 
        "fields": {
            "description": null, 
            "created_by": 1, 
            "created_on": "2009-06-26 12:44:17", 
            "extensions": [
                10
            ], 
            "last_modified_by": 1, 
            "last_modified_on": "2009-06-26 12:44:17", 
            "name": "faa (GEN)"
        }
    }, 

    {
        "pk": 16, 
        "model": "yabmin.filetype", 
        "fields": {
            "description": null, 
            "created_by": 1, 
            "created_on": "2009-06-26 12:44:20", 
            "extensions": [
                28
            ], 
            "last_modified_by": 1, 
            "last_modified_on": "2009-06-26 12:44:20", 
            "name": "fasta (GEN)"
        }
    }, 

    {
        "pk": 33, 
        "model": "yabmin.filetype", 
        "fields": {
            "description": null, 
            "created_by": 1, 
            "created_on": "2009-06-26 12:44:26", 
            "extensions": [
                7
            ], 
            "last_modified_by": 1, 
            "last_modified_on": "2009-06-26 12:44:26", 
            "name": "* (GEN)"
        }
    }, 

    {
        "pk": 1, 
        "model": "yabmin.parameterswitchuse", 
        "fields": {
            "display_text": "switch only", 
            "description": "Only the switch will be passed in the argument list.", 
            "value": "switchOnly", 
            "created_on": "2009-03-31 16:40:26", 
            "last_modified_on": "2009-03-31 16:40:26"
        }
    }, 
    {
        "pk": 2, 
        "model": "yabmin.parameterswitchuse", 
        "fields": {
            "display_text": "value only", 
            "description": "Only the value will be passed in the argument list (ie. the switch won't be used)", 
            "value": "valueOnly", 
            "created_on": "2009-03-31 16:41:11", 
            "last_modified_on": "2009-03-31 16:41:11"
        }
    }, 
    {
        "pk": 3, 
        "model": "yabmin.parameterswitchuse", 
        "fields": {
            "display_text": "both", 
            "description": "Both the switch and the value will be passed in the argument list. They will be separated by a space.", 
            "value": "both", 
            "created_on": "2009-03-31 16:42:10", 
            "last_modified_on": "2009-03-31 16:42:10"
        }
    }, 
    {
        "pk": 4, 
        "model": "yabmin.parameterswitchuse", 
        "fields": {
            "display_text": "combined", 
            "description": "Both the switch and the value will be passed in the argument list. They will be joined together with no space between them.", 
            "value": "combined", 
            "created_on": "2009-03-31 16:43:22", 
            "last_modified_on": "2009-03-31 16:43:22"
        }
    }, 
    {
        "pk": 5, 
        "model": "yabmin.parameterswitchuse", 
        "fields": {
            "display_text": "none", 
            "description": "The switch and the value won't be passed in the argument list.", 
            "value": "none", 
            "created_on": "2009-03-31 16:44:23", 
            "last_modified_on": "2009-03-31 16:44:23"
        }
    }, 
    {
        "pk": 6, 
        "model": "yabmin.parameterswitchuse", 
        "fields": {
            "display_text": "pair", 
            "description": "The switch and the value passed in to the argument list as a pair.", 
            "value": "pair", 
            "created_on": "2009-03-31 16:44:23", 
            "last_modified_on": "2009-03-31 16:44:23"
        }
    }, 
     {
        "pk": 1, 
        "model": "yabmin.parameterfilter", 
        "fields": {
            "display_text": "prepend string", 
            "description": "Prepends the string in filterValue to the parameter value.", 
            "value": "prependString", 
            "created_on": "2009-03-31 16:43:22", 
            "last_modified_on": "2009-03-31 16:43:22"
        }
    }, 
    {
        "pk": 2, 
        "model": "yabmin.parameterfilter", 
        "fields": {
            "display_text": "append string", 
            "description": "Appends the string in filterValue to the parameter value.", 
            "value": "appendString", 
            "created_on": "2009-03-31 16:43:22", 
            "last_modified_on": "2009-03-31 16:43:22"
        }
    }, 
    {
        "pk": 3, 
        "model": "yabmin.parameterfilter", 
        "fields": {
            "display_text": "prepend root directory", 
            "description": "Prepends the root directory to the parameter value.", 
            "value": "prependRootDir", 
            "created_on": "2009-03-31 16:43:22", 
            "last_modified_on": "2009-03-31 16:43:22"
        }
    }, 
    {
        "pk": 4, 
        "model": "yabmin.parameterfilter", 
        "fields": {
            "display_text": "remove path", 
            "description": "Removes the path component from the parameter value.", 
            "value": "removePath", 
            "created_on": "2009-03-31 16:43:22", 
            "last_modified_on": "2009-03-31 16:43:22"
        }
    },
    {
        "pk": 9, 
        "model": "yabmin.tool", 
        "fields": {
            "batch_on_param": 31, 
            "accepts_input": true, 
            "walltime": "60:00:00", 
            "display_name": "blast", 
            "name": "blast.xe.ivec.org", 
            "batch_on_param_bundle_files": false, 
            "enabled": true, 
            "cpus": "8", 
            "created_by": null, 
            "created_on": "2009-06-26 12:44:17", 
            "last_modified_by": 2, 
            "fs_backend": 6, 
            "path": "blastall", 
            "backend": 7, 
            "last_modified_on": "2009-07-17 10:47:42", 
            "description": "BLAST the input files based on the options selected."
        }
    },

    {
        "pk": 12, 
        "model": "yabmin.tool", 
        "fields": {
            "batch_on_param": 118, 
            "accepts_input": true, 
            "walltime": "", 
            "display_name": "blast top hits", 
            "name": "blasttophits", 
            "batch_on_param_bundle_files": false, 
            "enabled": true, 
            "cpus": "", 
            "created_by": 1, 
            "created_on": "2009-06-26 12:44:18", 
            "last_modified_by": 1, 
            "fs_backend": 8, 
            "path": "/usr/local/bin/ccg-blastparser", 
            "backend": 2, 
            "last_modified_on": "2009-07-17 14:18:00", 
            "description": "Parse a blast report and convert to yabixml format for use by other tools. This file outputs yabixml format for use with tools that require yabixml such as 'get KEGG Id'."
        }
    }, 

    {
        "pk": 75, 
        "model": "yabmin.tool", 
        "fields": {
            "batch_on_param": 977, 
            "accepts_input": true, 
            "walltime": "", 
            "display_name": "select file", 
            "name": "fileselector", 
            "batch_on_param_bundle_files": false, 
            "enabled": true, 
            "cpus": "", 
            "created_by": null, 
            "created_on": "2009-06-26 12:44:27", 
            "last_modified_by": 2, 
            "fs_backend": 9, 
            "path": "echo", 
            "backend": 9, 
            "last_modified_on": "2009-08-04 13:27:58", 
            "description": "Select a file from your workspace directory."
        }
    }, 



    {
        "pk": 70, 
        "model": "yabmin.tool", 
        "fields": {
            "batch_on_param": 957, 
            "accepts_input": false, 
            "walltime": "", 
            "display_name": "split fasta", 
            "name": "fastasplitter", 
            "batch_on_param_bundle_files": false, 
            "enabled": true, 
            "cpus": "", 
            "created_by": 1, 
            "created_on": "2009-06-26 12:44:26", 
            "last_modified_by": 1, 
            "fs_backend": 6, 
            "path": "/scratch/bi01/amacgregor/bin/ccg-fastasplitter", 
            "backend": 7, 
            "last_modified_on": "2009-07-20 15:14:51", 
            "description": "Split a file containing fasta records into multiple files."
        }
    }, 

    {
        "pk": 118, 
        "model": "yabmin.toolparameter", 
        "fields": {
            "default_value": "", 
            "rank": 1, 
            "mandatory": true, 
            "input_file": true, 
            "filter_value": null, 
            "possible_values": null, 
            "tool": 12, 
            "output_file": false, 
            "switch": "inputFiles", 
            "created_by": 1, 
            "extension_param": null, 
            "filter": null, 
            "created_on": "2009-06-26 12:44:18", 
            "last_modified_by": 1, 
            "input_extensions": [], 
            "source_param": null, 
            "switch_use": 2, 
            "accepted_filetypes": [
                9
            ], 
            "last_modified_on": "2009-06-26 12:44:18"
        }
    }, 

    {
        "pk": 957, 
        "model": "yabmin.toolparameter", 
        "fields": {
            "default_value": "", 
            "rank": null, 
            "mandatory": true, 
            "input_file": true, 
            "filter_value": "", 
            "possible_values": "", 
            "tool": 70, 
            "output_file": false, 
            "switch": "-i", 
            "created_by": null, 
            "extension_param": null, 
            "filter": null, 
            "created_on": "2009-06-26 12:44:26", 
            "last_modified_by": 1, 
            "input_extensions": [], 
            "source_param": null, 
            "switch_use": 3, 
            "accepted_filetypes": [
                5, 
                6, 
                7, 
                16
            ], 
            "last_modified_on": "2009-07-20 15:14:51"
        }
    }, 




    {
        "pk": 977, 
        "model": "yabmin.toolparameter", 
        "fields": {
            "default_value": "selected files", 
            "rank": 1, 
            "mandatory": true, 
            "input_file": true, 
            "filter_value": null, 
            "possible_values": null, 
            "tool": 75, 
            "output_file": false, 
            "switch": "files", 
            "created_by": 1, 
            "extension_param": null, 
            "filter": null, 
            "created_on": "2009-06-26 12:44:27", 
            "last_modified_by": 1, 
            "input_extensions": [], 
            "source_param": null, 
            "switch_use": 2, 
            "accepted_filetypes": [
                33
            ], 
            "last_modified_on": "2009-06-26 12:44:27"
        }
    }, 




    {
        "pk": 31, 
        "model": "yabmin.toolparameter", 
        "fields": {
            "default_value": "", 
            "rank": 3, 
            "mandatory": true, 
            "input_file": true, 
            "filter_value": "", 
            "possible_values": "", 
            "tool": 9, 
            "output_file": false, 
            "switch": "-i", 
            "created_by": null, 
            "extension_param": null, 
            "filter": null, 
            "created_on": "2009-06-26 12:44:17", 
            "last_modified_by": 2, 
            "input_extensions": [], 
            "source_param": null, 
            "switch_use": 3, 
            "accepted_filetypes": [
                5, 
                6, 
                7, 
                8
            ], 
            "last_modified_on": "2009-07-17 10:47:42"
        }
    }, 
    {
        "pk": 6, 
        "model": "yabmin.filetype", 
        "fields": {
            "description": null, 
            "created_by": null, 
            "created_on": "2009-06-26 12:44:17", 
            "extensions": [
                9
            ], 
            "last_modified_by": null, 
            "last_modified_on": "2009-06-26 12:44:17", 
            "name": "fna (GEN)"
        }
    }, 
    {
        "pk": 7, 
        "model": "yabmin.filetype", 
        "fields": {
            "description": null, 
            "created_by": null, 
            "created_on": "2009-06-26 12:44:17", 
            "extensions": [
                10
            ], 
            "last_modified_by": null, 
            "last_modified_on": "2009-06-26 12:44:17", 
            "name": "faa (GEN)"
        }
    }, 
    {
        "pk": 8, 
        "model": "yabmin.filetype", 
        "fields": {
            "description": null, 
            "created_by": null, 
            "created_on": "2009-06-26 12:44:17", 
            "extensions": [
                12
            ], 
            "last_modified_by": null, 
            "last_modified_on": "2009-06-26 12:44:17", 
            "name": "gb (GEN)"
        }
    },
    {
        "pk": 9, 
        "model": "yabmin.filetype", 
        "fields": {
            "description": null, 
            "created_by": 1, 
            "created_on": "2009-06-26 12:44:18", 
            "extensions": [
                11
            ], 
            "last_modified_by": 1, 
            "last_modified_on": "2009-06-26 12:44:18", 
            "name": "bls (GEN)"
        }
    },
    {
        "pk": 7, 
        "model": "yabmin.fileextension", 
        "fields": {
            "extension": "*", 
            "created_on": "2009-06-26 12:44:17", 
            "created_by": 1, 
            "last_modified_on": "2009-06-26 12:44:17", 
            "last_modified_by": 1
        }
    }, 
    {
        "pk": 8, 
        "model": "yabmin.fileextension", 
        "fields": {
            "extension": "fa", 
            "created_on": "2009-06-26 12:44:17", 
            "created_by": null, 
            "last_modified_on": "2009-06-26 12:44:17", 
            "last_modified_by": null
        }
    }, 
    {
        "pk": 9, 
        "model": "yabmin.fileextension", 
        "fields": {
            "extension": "fna", 
            "created_on": "2009-06-26 12:44:17", 
            "created_by": null, 
            "last_modified_on": "2009-06-26 12:44:17", 
            "last_modified_by": null
        }
    }, 
    {
        "pk": 10, 
        "model": "yabmin.fileextension", 
        "fields": {
            "extension": "faa", 
            "created_on": "2009-06-26 12:44:17", 
            "created_by": null, 
            "last_modified_on": "2009-06-26 12:44:17", 
            "last_modified_by": null
        }
    }, 
    {
        "pk": 11, 
        "model": "yabmin.fileextension", 
        "fields": {
            "extension": "bls", 
            "created_on": "2009-06-26 12:44:17", 
            "created_by": null, 
            "last_modified_on": "2009-06-26 12:44:17", 
            "last_modified_by": null
        }
    }, 
    {
        "pk": 12, 
        "model": "yabmin.fileextension", 
        "fields": {
            "extension": "gb", 
            "created_on": "2009-06-26 12:44:17", 
            "created_by": null, 
            "last_modified_on": "2009-06-26 12:44:17", 
            "last_modified_by": null
        }
    },
    {
        "pk": 28, 
        "model": "yabmin.fileextension", 
        "fields": {
            "extension": "fasta", 
            "created_on": "2009-06-26 12:44:20", 
            "created_by": 1, 
            "last_modified_on": "2009-06-26 12:44:20", 
            "last_modified_by": 1
        }
    }, 



    {
        "pk": 1, 
        "model": "yabmin.toolgroup", 
        "fields": {
            "created_on": "2009-07-09 10:32:47", 
            "created_by": 1, 
            "last_modified_on": "2009-07-10 15:27:40", 
            "last_modified_by": 1, 
            "name": "blast"
        }
    }, 
    {
        "pk": 3, 
        "model": "yabmin.toolgroup", 
        "fields": {
            "created_on": "2009-07-10 15:29:15", 
            "created_by": 1, 
            "last_modified_on": "2009-07-10 15:29:15", 
            "last_modified_by": 1, 
            "name": "sequence tools"
        }
    }, 
    {
        "pk": 4, 
        "model": "yabmin.toolgroup", 
        "fields": {
            "created_on": "2009-08-04 13:06:59", 
            "created_by": 1, 
            "last_modified_on": "2009-08-04 13:07:48", 
            "last_modified_by": 1, 
            "name": "genomics"
        }
    }, 
    {
        "pk": 5, 
        "model": "yabmin.toolgroup", 
        "fields": {
            "created_on": "2009-08-04 13:32:47", 
            "created_by": 1, 
            "last_modified_on": "2009-08-04 13:34:33", 
            "last_modified_by": 1, 
            "name": "select data"
        }
    }, 


   {
        "pk": 1, 
        "model": "yabmin.toolgrouping", 
        "fields": {
            "tool": 9, 
            "created_by": 1, 
            "created_on": "2009-07-09 10:32:47", 
            "last_modified_by": 1, 
            "tool_group": 1, 
            "last_modified_on": "2009-07-09 10:32:47", 
            "tool_set": 1
        }
    }, 
    {
        "pk": 1, 
        "model": "yabmin.toolset", 
        "fields": {
            "created_on": "2009-07-09 10:31:55", 
            "created_by": 1, 
            "last_modified_on": "2009-07-09 10:32:18", 
            "last_modified_by": 1, 
            "name": "dev"
        }
    },
    {
        "pk": 6, 
        "model": "yabmin.tooloutputextension", 
        "fields": {
            "file_extension": 11, 
            "must_exist": true, 
            "created_by": 1, 
            "created_on": "2009-06-26 12:44:18", 
            "last_modified_by": 1, 
            "must_be_larger_than": null, 
            "tool": 9, 
            "last_modified_on": "2009-06-26 12:44:18"
        }
    },
    {
        "pk": 11, 
        "model": "yabmin.fileextension", 
        "fields": {
            "extension": "bls", 
            "created_on": "2009-06-26 12:44:17", 
            "created_by": 1, 
            "last_modified_on": "2009-06-26 12:44:17", 
            "last_modified_by": 1
        }
    },

    {
        "pk": 2, 
        "model": "yabmin.credential", 
        "fields": {
            "username": "amacgregor", 
            "description": "globus", 
            "cert": "Certificate:\r\n    Data:\r\n        Version: 3 (0x2)\r\n        Serial Number: 8 (0x8)\r\n        Signature Algorithm: sha1WithRSAEncryption\r\n        Issuer: O=YABIGrid, OU=YABI, OU=ccg.murdoch.edu.au, CN=YABI CA\r\n        Validity\r\n            Not Before: Jul  3 03:10:26 2009 GMT\r\n            Not After : Jul  3 03:10:26 2010 GMT\r\n        Subject: O=YABIGrid, OU=YABI, OU=ccg.murdoch.edu.au, OU=CCG, CN=Andrew Macgregor\r\n        Subject Public Key Info:\r\n            Public Key Algorithm: rsaEncryption\r\n            RSA Public Key: (1024 bit)\r\n                Modulus (1024 bit):\r\n                    00:ce:cb:52:5e:ea:ae:db:6c:ce:b2:d2:23:0d:64:\r\n                    aa:e9:9e:37:63:b6:f7:03:0b:7a:e2:a3:f3:1d:68:\r\n                    f5:ad:6c:b0:d1:3d:3a:83:9d:d6:5b:9d:e5:87:22:\r\n                    7f:b3:ca:e0:75:35:9b:59:63:5e:4c:e9:ee:31:59:\r\n                    0b:ee:c6:d5:7a:37:04:fb:6d:1c:ca:9a:de:e1:d1:\r\n                    ea:00:be:c6:ce:d5:2f:f8:60:a3:32:2c:49:9f:3b:\r\n                    0e:45:33:29:cd:46:6c:d3:54:97:d0:34:20:70:03:\r\n                    a7:10:48:f2:0b:f7:05:b6:13:a5:f2:f6:2e:a6:c3:\r\n                    f3:81:44:e5:09:52:0a:31:fb\r\n                Exponent: 65537 (0x10001)\r\n        X509v3 extensions:\r\n            Netscape Cert Type: \r\n                SSL Client, SSL Server, S/MIME, Object Signing\r\n    Signature Algorithm: sha1WithRSAEncryption\r\n        98:74:a1:c1:c1:2c:d9:27:1c:3a:b3:ee:37:bf:3f:39:65:af:\r\n        51:53:c9:fe:b2:9e:d2:1b:d1:a4:7e:a6:cf:5f:ae:dd:3e:7e:\r\n        39:73:4c:a9:b4:f5:10:7a:ce:17:a2:89:f0:36:46:f0:90:bf:\r\n        c0:96:81:1a:f0:f3:62:89:ba:74:84:5a:41:13:72:7b:c4:6d:\r\n        51:1e:7d:dd:85:27:e2:48:5c:c7:1f:32:1d:d2:e0:9b:df:ce:\r\n        4f:a3:e9:f0:28:a2:4a:41:ce:fc:d9:e7:63:b9:bf:34:96:ce:\r\n        19:f7:76:12:44:b3:f2:b5:c9:f4:3b:cc:a1:e9:91:f3:84:a4:\r\n        1e:34\r\n-----BEGIN CERTIFICATE-----\r\nMIICRDCCAa2gAwIBAgIBCDANBgkqhkiG9w0BAQUFADBRMREwDwYDVQQKEwhZQUJJ\r\nR3JpZDENMAsGA1UECxMEWUFCSTEbMBkGA1UECxMSY2NnLm11cmRvY2guZWR1LmF1\r\nMRAwDgYDVQQDEwdZQUJJIENBMB4XDTA5MDcwMzAzMTAyNloXDTEwMDcwMzAzMTAy\r\nNlowaDERMA8GA1UEChMIWUFCSUdyaWQxDTALBgNVBAsTBFlBQkkxGzAZBgNVBAsT\r\nEmNjZy5tdXJkb2NoLmVkdS5hdTEMMAoGA1UECxMDQ0NHMRkwFwYDVQQDExBBbmRy\r\nZXcgTWFjZ3JlZ29yMIGfMA0GCSqGSIb3DQEBAQUAA4GNADCBiQKBgQDOy1Je6q7b\r\nbM6y0iMNZKrpnjdjtvcDC3rio/MdaPWtbLDRPTqDndZbneWHIn+zyuB1NZtZY15M\r\n6e4xWQvuxtV6NwT7bRzKmt7h0eoAvsbO1S/4YKMyLEmfOw5FMynNRmzTVJfQNCBw\r\nA6cQSPIL9wW2E6Xy9i6mw/OBROUJUgox+wIDAQABoxUwEzARBglghkgBhvhCAQEE\r\nBAMCBPAwDQYJKoZIhvcNAQEFBQADgYEAmHShwcEs2SccOrPuN78/OWWvUVPJ/rKe\r\n0hvRpH6mz1+u3T5+OXNMqbT1EHrOF6KJ8DZG8JC/wJaBGvDzYom6dIRaQRNye8Rt\r\nUR593YUn4khcxx8yHdLgm9/OT6Pp8CiiSkHO/NnnY7m/NJbOGfd2EkSz8rXJ9DvM\r\noemR84SkHjQ=\r\n-----END CERTIFICATE-----\r\n", 
            "created_by": 2, 
            "created_on": "2009-07-06 17:10:53", 
            "last_modified_by": 2, 
            "key": "-----BEGIN RSA PRIVATE KEY-----\r\nProc-Type: 4,ENCRYPTED\r\nDEK-Info: DES-EDE3-CBC,ED2F7133052C926E\r\n\r\nH/3WiaH6NBT24+YygBq+MM5iovDb0R50oLkr4+9v6Ubbf659HeXzEvmJP8z16f2j\r\nhV5X8Fq7rhoIF4AlrPjhGT4hE3oIxX2IdKB2b3cWdkEd8mTnfnbfXK9m9Bwdyje5\r\nJrbJbejB3dJFkbPTOo77dgiM/NFvoNx73EDndCrIOlYLo8QIoqLcjR3I5RPzfonG\r\nd2pPvDBvS8UJxaedTFzW/fIVs+UuIuaAXgj+8bcDXFobxBEaroPgfHjrlu6Jd/Mp\r\nozx5BPu0ro90kv/8v++QY6Wfg++qTPS/tOmnm5MjoIBC9a8+Zh17kWuE09qj7DyS\r\nx+1wUyQJ9siuhYhGtFehNj18q8NrRXn407klNlCGJETsBx2fAIiotoNI6BxUO1hk\r\nyvPu/cchm2q2QVAn8abqgIQpE9cJ9DCx/qHiUuZXwzNDDNAk4J1joZvPVhQC6Y7Q\r\nocV1cb4ixfAKqzhvSdOyDIbOmdLG8DlIAtZ986oA1l6zAzT45gceAAw/S4kSjx/s\r\nUVMorCxAIdEMg5Vf8d3NSE+tV8/l1jxSc+R23Ko4D2cveSbMNI8pa/Qq793AqjST\r\n0/FOmG7G+ftj2+hIzFTe3KDGR2G+rUR+6w2DlQZI4SCucqQHO6FW+SrflXOjb0nY\r\nX04BSi+bRh9U+FFYiz4sKc9qKC/EUN9I1XFpYJFGpyYF9Ry1x98zP2BVbicVFhXF\r\nEDpqVr4XBqdCSf63T5jlpyCpEuExKBDkVJnRyNKzQuFZH+AZnev0aXgIDIk0OowB\r\n7itm3NCwsgJQOkWxHNjxXVJQFB6wc81ilG3N2nvcQhaexv7ax5X6nw==\r\n-----END RSA PRIVATE KEY-----\r\n", 
            "password": "6eusx4dAJ2yy", 
            "last_modified_on": "2009-07-07 16:19:14", 
            "user": 1
        }
    }, 
    {
        "pk": 1, 
        "model": "yabmin.credential", 
        "fields": {
            "username": "cwellington", 
            "description": "globus", 
            "cert": "Certificate:\r\n    Data:\r\n        Version: 3 (0x2)\r\n        Serial Number: 2 (0x2)\r\n        Signature Algorithm: sha1WithRSAEncryption\r\n        Issuer: O=YABIGrid, OU=YABI, OU=ccg.murdoch.edu.au, CN=YABI CA\r\n        Validity\r\n            Not Before: Jun  5 08:06:32 2009 GMT\r\n            Not After : Jun  5 08:06:32 2010 GMT\r\n        Subject: O=YABIGrid, OU=YABI, OU=ccg.murdoch.edu.au, OU=localdomain, CN=Crispin Wellington\r\n        Subject Public Key Info:\r\n            Public Key Algorithm: rsaEncryption\r\n            RSA Public Key: (1024 bit)\r\n                Modulus (1024 bit):\r\n                    00:ce:62:cd:63:07:04:50:31:8c:ba:a8:d9:a9:fb:\r\n                    1e:b1:86:cf:9a:a9:67:0f:bb:41:71:73:e6:a8:68:\r\n                    89:15:3a:26:ac:44:82:0f:b6:22:15:55:7a:cf:64:\r\n                    4f:6b:3d:ed:30:04:1d:27:bd:0a:9e:76:d1:d5:25:\r\n                    bf:59:e5:dd:fe:f3:38:f7:bb:e2:2f:cd:16:be:f8:\r\n                    0c:88:74:42:e3:6e:e1:28:2b:b6:95:5c:d1:3d:df:\r\n                    56:67:e2:09:25:8f:73:f2:90:2b:bc:d9:9f:cd:15:\r\n                    ef:6e:a4:d7:14:0f:9a:8e:42:ad:6e:2b:5c:01:62:\r\n                    f9:4d:4e:9f:dc:7f:8c:4d:e9\r\n                Exponent: 65537 (0x10001)\r\n        X509v3 extensions:\r\n            Netscape Cert Type: \r\n                SSL Client, SSL Server, S/MIME, Object Signing\r\n    Signature Algorithm: sha1WithRSAEncryption\r\n        08:80:6f:a5:89:e5:3f:10:cb:39:8c:57:a9:86:ca:7b:f8:a6:\r\n        e7:c6:22:7f:c8:1b:a5:d8:61:d3:cf:62:4e:87:b5:ae:40:34:\r\n        68:30:39:27:81:79:30:60:01:81:08:6f:e2:2f:41:41:c8:f9:\r\n        fd:5b:b3:cc:32:47:79:5e:f1:aa:a8:46:be:83:78:d2:34:bc:\r\n        a0:7e:17:54:a4:9c:14:48:a0:0d:24:99:cf:8b:5d:96:9a:25:\r\n        e9:4e:3e:a0:bb:02:b9:a9:74:5e:05:cf:9f:ea:ad:6b:45:73:\r\n        f0:98:01:24:d8:7a:81:5a:c8:a8:cd:11:18:01:77:06:25:2f:\r\n        de:0e\r\n-----BEGIN CERTIFICATE-----\r\nMIICTjCCAbegAwIBAgIBAjANBgkqhkiG9w0BAQUFADBRMREwDwYDVQQKEwhZQUJJ\r\nR3JpZDENMAsGA1UECxMEWUFCSTEbMBkGA1UECxMSY2NnLm11cmRvY2guZWR1LmF1\r\nMRAwDgYDVQQDEwdZQUJJIENBMB4XDTA5MDYwNTA4MDYzMloXDTEwMDYwNTA4MDYz\r\nMlowcjERMA8GA1UEChMIWUFCSUdyaWQxDTALBgNVBAsTBFlBQkkxGzAZBgNVBAsT\r\nEmNjZy5tdXJkb2NoLmVkdS5hdTEUMBIGA1UECxMLbG9jYWxkb21haW4xGzAZBgNV\r\nBAMTEkNyaXNwaW4gV2VsbGluZ3RvbjCBnzANBgkqhkiG9w0BAQEFAAOBjQAwgYkC\r\ngYEAzmLNYwcEUDGMuqjZqfsesYbPmqlnD7tBcXPmqGiJFTomrESCD7YiFVV6z2RP\r\naz3tMAQdJ70KnnbR1SW/WeXd/vM497viL80WvvgMiHRC427hKCu2lVzRPd9WZ+IJ\r\nJY9z8pArvNmfzRXvbqTXFA+ajkKtbitcAWL5TU6f3H+MTekCAwEAAaMVMBMwEQYJ\r\nYIZIAYb4QgEBBAQDAgTwMA0GCSqGSIb3DQEBBQUAA4GBAAiAb6WJ5T8QyzmMV6mG\r\nynv4pufGIn/IG6XYYdPPYk6Hta5ANGgwOSeBeTBgAYEIb+IvQUHI+f1bs8wyR3le\r\n8aqoRr6DeNI0vKB+F1SknBRIoA0kmc+LXZaaJelOPqC7ArmpdF4Fz5/qrWtFc/CY\r\nASTYeoFayKjNERgBdwYlL94O\r\n-----END CERTIFICATE-----\r\n", 
            "created_by": 2, 
            "created_on": "2009-07-01 10:19:40", 
            "last_modified_by": 2, 
            "key": "-----BEGIN RSA PRIVATE KEY-----\r\nProc-Type: 4,ENCRYPTED\r\nDEK-Info: DES-EDE3-CBC,53291E5C4BEA36B9\r\n\r\nPkYhxG+nix812N+bwRXDC90kxgUhketu6NAiTGCB4KbLKpfzU6VyWLlMN5wQI4+8\r\nPF0T6TNLmae8gRRIg4m9im+6tW+Oqy6dnuYHx06A2GAwD9+dCGByd+sUYibZra39\r\n82Q/gVCBEEprY1+y0hrdoy406VDIZxH9C8mXEnvdR+UksVKP0SldqQAtYcoW1imn\r\nUcjSwCUuyOvwTjtfOypt7tJA/QB5nX2O/+ql1yna81b2baTXczPuBePOtz32BgoH\r\nIimm6K+QV+O9NH9Vtwe3C8RZQtULpD5cbBuHSrmNm0eitGDk6DiTnAde+/yg0ozC\r\ngUqPwNNCUTmY7IpBvbKIKOujB9fzJzm9NtzNPX+GbGbC8Dnj7dTGiVyFTHhfOwgo\r\nhKrr/1BmAZymR5r80kggaF+VPhgUri03Mjhgmd+UdqpD8frC1RuttHEY0levwXL0\r\nr5cqKWSjoYTDqusi4vhmILwRCknUtcC8/izef3AVdXa10zhCGoJjau6G5WTvYQLu\r\nhzYeW2v77xa2cS2EgU3uP3MDzO+vXkBGX+QW1lWO4XCkvOcTJc5gzE/VB913l00F\r\nSpEX8dkZL5TCDZGdvWShdA5lBU7Z75inTI/63wg5QHzhb+DqsnPMOwEOr40Rimcv\r\nSl7DVJHZuUQGVdDPPMLDrVepKvlcYnpv8hR21XiCgSni/3wee2P9NtUyt1bQD63/\r\ncWeKETneLSvf6BriqvKkj3lfNsDD9GENqxSLrNyQ1d2H7t2omtaanprJex/yS74S\r\nxkrEVg2k7nOFrhLdbItTFZz7kyr9mOq6KL3+o4K9L5g0usL3YqdQMQ==\r\n-----END RSA PRIVATE KEY-----\r\n", 
            "password": "lollipop", 
            "last_modified_on": "2009-07-07 16:22:53", 
            "user": 2
        }
    }, 
    {
        "pk": 3, 
        "model": "yabmin.credential", 
        "fields": {
            "username": "andrew", 
            "description": "local", 
            "cert": "", 
            "created_by": 2, 
            "created_on": "2009-07-15 12:03:06", 
            "last_modified_by": 2, 
            "key": "", 
            "password": "", 
            "last_modified_on": "2009-07-20 15:54:42", 
            "user": 1
        }
    }





]
